<?xml version="1.0" encoding="ISO-8859-1"?>
<!-- [y] hybris Platform Copyright (c) 2000-2016 hybris AG All rights reserved. 
	This software is the confidential and proprietary information of hybris ("Confidential 
	Information"). You shall not disclose such Confidential Information and shall 
	use it only in accordance with the terms of the license agreement you entered 
	into with hybris. -->
<configuration xmlns="hybris.de/schemas/hmc/generic"
	xmlns:xsi="http://www.w3.org/2001/XMLSchema-instance"
	xsi:schemaLocation="hybris.de/schemas/hmc/generic hmc.xsd">


	<!-- Configuration for extension trainingcore -->

	<explorertree>
		<group name="rexelgroup">
			<typeref type="Myproduct" />
		</group>
	</explorertree>

	<type name="Myproduct" mode="append">
		<organizer>
			<search mode="replace">
				<condition attribute="include"></condition>
				<condition attribute="exclude"></condition>
				<condition attribute="employee"></condition>
			</search>
			<result>
				<listview mode="replace">
					<itemlayout>
						<attribute name="include"></attribute>
						<attribute name="exclude"></attribute>
						<attribute name="age"></attribute>
					</itemlayout>
				</listview>
				<editview mode="replace">
					<itemlayout>
						<attribute name="include" width="100" />
						<attribute name="exclude" width="100" />
						<attribute name="age"></attribute>
					</itemlayout>
				</editview>
				<treeview mode="replace">
					<itemlayout>
						<attribute name="include" width="100" />
						<attribute name="exclude" width="100" />
						<attribute name="age"></attribute>
					</itemlayout>
				</treeview>
			</result>
			<editor>
				<essentials>
					<listlayout>
						<attribute name="include"></attribute>
						<attribute name="empDescription"></attribute>
					</listlayout>
				</essentials>
				<tab name="tab.trainingcore">
					<section name="section.trainingcore">
						<listlayout>
							<attribute name="exclude"></attribute>
							<attribute name="empDescription"></attribute>
						</listlayout>
					</section>
				</tab>
			</editor>
		</organizer>
	</type>

	<type name="Consignment" mode="append">
		<organizer>
			<editor mode="append">
				<tab name="properties" position="0" mode="append">
					<section name="consignment.details">
						<listlayout mode="append">
							<action type="item"
								classname="de.hybris.training.core.hmc.PickupConfirmationHMCAction"
								name="btn.consignment.confirm.pickup" />
						</listlayout>
					</section>
				</tab>
			</editor>
		</organizer>
	</type>

</configuration>
