<hybrisconfig xmlns:xsi='http://www.w3.org/2001/XMLSchema-instance' xsi:noNamespaceSchemaLocation='../bin/platform/resources/schemas/extensions.xsd'>
  <extensions>
    <path dir='${HYBRIS_BIN_DIR}' autoload='false' />
    <extension name='mcc' />
    <extension name='backoffice' />
    <extension name='commercesearchbackoffice' />
    <extension name='commerceservicesbackoffice' />
    <extension name='solrfacetsearchbackoffice' />
    <extension name='solrserver' />
<!--     <extension name='yacceleratorcockpits' />
    <extension name='yacceleratorinitialdata' />
    <extension name='yacceleratorfulfilmentprocess' />
    <extension name='yacceleratorstorefront' /> -->
    <extension name='yaddon' />
 <!--    <extension name='ycommercewebservices' /> -->
    <extension name='electronicsstore' />
    <extension name='apparelstore' />
    <extension name='liveeditaddon' />
    <extension name='acceleratorwebservicesaddon' />
    <extension name='customersupportbackoffice' />
    <extension name='rulebuilderbackoffice' />
    <extension name='promotionenginebackoffice' />
    <extension name='droolsruleengineservices' />
    <extension name='promotionenginesamplesaddon' />
	<extension name='trainingcore' />
	<extension name='trainingfacades' />
	<extension name='trainingstorefront' />
	<extension name='traininginitialdata' />
	<extension name='trainingcockpits' />
	<extension name='trainingfulfilmentprocess' />
	<extension name='powertoolsstore' />
<extension name='b2bcommercebackoffice' />
<extension name='b2badmincockpit' />
<extension name='b2bacceleratoraddon' />
<extension name='commerceorgaddon' />



  </extensions>
</hybrisconfig>