<?xml version="1.0" encoding="UTF-8"?>
<hybrisconfig xmlns:xsi="http://www.w3.org/2001/XMLSchema-instance" xsi:noNamespaceSchemaLocation="resources/schemas/extensions.xsd">
	<extensions>
		<!--
				All extensions located in ${HYBRIS_BIN_DIR}/platform/ext are automatically loaded.
				More information about how to configure available extensions can be found here : https://wiki.hybris.com/x/nZVzC
		-->

		<path dir="${HYBRIS_BIN_DIR}" />
		<extension name="mediaconversion"/>
		<extension name="hmc"/>
        <extension name="mcc"/>
        <extension name="platformhmc"/>
        <extension name="platformwebservices"/>
										
		<extension name="estorecore"/>
		<extension name="estoreinitialdata"/>
		<extension name="estorefacades"/>
		<extension name="estoretest"/>
		<extension name="estorestorefront"/>
		<extension name="mygooglemaps"/>
		<extension name="esintegration"/>
		<extension name="esintservices"/>
		<extension name="estorecockpits"/>
		<!-- To enable backoffice -->
		<extension name="backoffice" />	
		<extension name="platformbackoffice" />
		<extension name="solrfacetsearchbackoffice" />
		<extension name="globallink" />
		<extension name="globalproductcockpit" />
		<extension name="globalcmscockpit" />
		<extension name="globalemc" /> 
		<extension name="globalbackoffice" />
		
		<extension name="samlsinglesignon" />
		<extension name="estoresso" />


	</extensions>
</hybrisconfig>