<?xml version="1.0" encoding="UTF-8"?>
<!-- [y] hybris Platform Copyright (c) 2000-2016 hybris AG All rights reserved. 
	This software is the confidential and proprietary information of hybris ("Confidential 
	Information"). You shall not disclose such Confidential Information and shall 
	use it only in accordance with the terms of the license agreement you entered 
	into with hybris. -->

<beans xmlns="http://www.springframework.org/schema/beans"
	xmlns:xsi="http://www.w3.org/2001/XMLSchema-instance" xmlns:context="http://www.springframework.org/schema/context"
	xsi:schemaLocation="http://www.springframework.org/schema/beans 
       http://www.springframework.org/schema/beans/spring-beans.xsd
       http://www.springframework.org/schema/context
           http://www.springframework.org/schema/context/spring-context.xsd">

	<context:annotation-config />

	<!-- Spring Integration -->
	<import
		resource="classpath:/trainingcore/integration/hot-folder-store-electronics-spring.xml" />
	<import
		resource="classpath:/trainingcore/integration/hot-folder-store-apparel-spring.xml" />
	<import
		resource="classpath:/trainingcore/integration/hot-folder-common-spring.xml" />

	<!-- SystemSetup for the TrainingCore -->
	<bean id="acceleratorCoreSystemSetup" class="de.hybris.training.core.setup.CoreSystemSetup"
		parent="abstractCoreSystemSetup" />

	<!-- Solr field value providers -->

	<bean id="volumeAwareProductPriceValueProvider"
		class="de.hybris.training.core.search.solrfacetsearch.provider.impl.VolumeAwareProductPriceValueProvider"
		parent="abstractPropertyFieldValueProvider">
		<property name="fieldNameProvider" ref="solrFieldNameProvider" />
		<property name="priceService" ref="priceService" />
		<property name="commonI18NService" ref="commonI18NService" />
		<property name="sessionService" ref="sessionService" />
		<property name="userService" ref="userService" />
		<property name="priceComparator" ref="volumePriceComparator" />
		<property name="catalogVersionService" ref="catalogVersionService" />
	</bean>

	<bean id="volumePriceComparator"
		class="de.hybris.training.core.comparators.VolumeAwarePriceInformationComparator"
		scope="singleton" />

	<bean id="productVolumePricesProvider"
		class="de.hybris.training.core.search.solrfacetsearch.provider.impl.ProductVolumePricesProvider"
		parent="abstractPropertyFieldValueProvider">
		<property name="fieldNameProvider" ref="solrFieldNameProvider" />
		<property name="priceService" ref="priceService" />
	</bean>


	<bean id="electronicsCategorySource" parent="abstractCategorySource">
		<property name="rootCategory" value="1" />
		<!-- '1' is the root icecat category -->
	</bean>
	<bean id="electronicsBrandCategorySource" parent="abstractCategorySource">
		<property name="rootCategory" value="brands" />
		<!-- 'brands' is the root of the brands hierarchy -->
	</bean>

	<bean id="apparelCategorySource" parent="abstractCategorySource">
		<property name="rootCategory" value="categories" />
		<!-- 'categories' is the root apparel category -->
	</bean>
	<bean id="apparelBrandCategorySource" parent="abstractCategorySource">
		<property name="rootCategory" value="brands" />
		<!-- 'brands' is the root of the brands hierarchy -->
	</bean>
	<bean id="apparelCollectionCategorySource" parent="abstractCategorySource">
		<property name="rootCategory" value="collections" /> <!-- 'collections' is the root of the collections hierarchy -->
	</bean>

	<bean id="abstractCategoryCodeValueProvider" abstract="true"
		class="de.hybris.platform.commerceservices.search.solrfacetsearch.provider.impl.CategoryCodeValueProvider"
		parent="abstractPropertyFieldValueProvider">
		<property name="fieldNameProvider" ref="solrFieldNameProvider" />
		<property name="commonI18NService" ref="commonI18NService" />
	</bean>
	<bean id="abstractCategoryNameValueProvider" abstract="true"
		class="de.hybris.platform.commerceservices.search.solrfacetsearch.provider.impl.CategoryNameValueProvider"
		parent="abstractPropertyFieldValueProvider">
		<property name="fieldNameProvider" ref="solrFieldNameProvider" />
		<property name="commonI18NService" ref="commonI18NService" />
	</bean>

	<bean id="electronicsCategoryCodeValueProvider" parent="abstractCategoryCodeValueProvider">
		<property name="categorySource" ref="electronicsCategorySource" />
	</bean>
	<bean id="electronicsBrandCategoryCodeValueProvider" parent="abstractCategoryCodeValueProvider">
		<property name="categorySource" ref="electronicsBrandCategorySource" />
	</bean>
	<bean id="electronicsCategoryNameValueProvider" parent="abstractCategoryNameValueProvider">
		<property name="categorySource" ref="electronicsCategorySource" />
	</bean>
	<bean id="electronicsBrandCategoryNameValueProvider" parent="abstractCategoryNameValueProvider">
		<property name="categorySource" ref="electronicsBrandCategorySource" />
	</bean>

	<bean id="apparelCategoryCodeValueProvider" parent="abstractCategoryCodeValueProvider">
		<property name="categorySource" ref="apparelCategorySource" />
	</bean>
	<bean id="apparelBrandCategoryCodeValueProvider" parent="abstractCategoryCodeValueProvider">
		<property name="categorySource" ref="apparelBrandCategorySource" />
	</bean>
	<bean id="apparelCollectionCategoryCodeValueProvider" parent="abstractCategoryCodeValueProvider">
		<property name="categorySource" ref="apparelCollectionCategorySource" />
	</bean>
	<bean id="apparelCategoryNameValueProvider" parent="abstractCategoryNameValueProvider">
		<property name="categorySource" ref="apparelCategorySource" />
	</bean>
	<bean id="apparelBrandCategoryNameValueProvider" parent="abstractCategoryNameValueProvider">
		<property name="categorySource" ref="apparelBrandCategorySource" />
	</bean>
	<bean id="apparelCollectionCategoryNameValueProvider" parent="abstractCategoryNameValueProvider">
		<property name="categorySource" ref="apparelCollectionCategorySource" />
	</bean>

	<bean id="image515ValueProvider" parent="abstractImageValueProvider">
		<property name="mediaFormat" value="515Wx515H" />
	</bean>
	<bean id="image300ValueProvider" parent="abstractImageValueProvider">
		<property name="mediaFormat" value="300Wx300H" />
	</bean>
	<bean id="image96ValueProvider" parent="abstractImageValueProvider">
		<property name="mediaFormat" value="96Wx96H" />
	</bean>
	<bean id="image65ValueProvider" parent="abstractImageValueProvider">
		<property name="mediaFormat" value="65Wx65H" />
	</bean>
	<bean id="image30ValueProvider" parent="abstractImageValueProvider">
		<property name="mediaFormat" value="30Wx30H" />
	</bean>

	<bean id="productUrlValueProvider"
		class="de.hybris.platform.commerceservices.search.solrfacetsearch.provider.impl.ProductUrlValueProvider"
		parent="abstractPropertyFieldValueProvider">
		<property name="urlResolver" ref="productModelUrlResolver" />
		<property name="fieldNameProvider" ref="solrFieldNameProvider" />
		<property name="i18nService" ref="i18nService" />
		<property name="commonI18NService" ref="commonI18NService" />
	</bean>

	<bean id="promotionCodeValueProvider"
		class="de.hybris.platform.commerceservices.search.solrfacetsearch.provider.impl.PromotionCodeValueProvider"
		parent="abstractPropertyFieldValueProvider">
		<property name="promotionsService" ref="promotionsService" />
		<property name="fieldNameProvider" ref="solrFieldNameProvider" />
	</bean>

	<bean id="promotionImageValueProvider"
		class="de.hybris.platform.commerceservices.search.solrfacetsearch.provider.impl.PrimaryPromotionImageValueProvider"
		parent="abstractPropertyFieldValueProvider">
		<property name="promotionsService" ref="promotionsService" />
		<property name="fieldNameProvider" ref="solrFieldNameProvider" />
	</bean>

	<bean id="colorFacetValueProvider"
		class="de.hybris.training.core.search.solrfacetsearch.provider.impl.ColorFacetValueProvider"
		parent="abstractPropertyFieldValueProvider">
		<property name="fieldNameProvider" ref="solrFieldNameProvider" />
	</bean>

	<bean id="colorFacetDisplayNameProvider"
		class="de.hybris.training.core.search.solrfacetsearch.provider.impl.ColorFacetDisplayNameProvider">
		<property name="enumerationService" ref="enumerationService" />
		<property name="i18nService" ref="i18nService" />
		<property name="commonI18NService" ref="commonI18NService" />
	</bean>

	<bean id="apparelPointOfServiceFacetDisplayNameProvider"
		class="de.hybris.training.core.search.solrfacetsearch.provider.impl.PointOfServiceFacetDisplayNameProvider">
		<property name="pointOfServiceService" ref="pointOfServiceService" />
	</bean>

	<bean id="electronicsPointOfServiceFacetDisplayNameProvider"
		class="de.hybris.training.core.search.solrfacetsearch.provider.impl.PointOfServiceFacetDisplayNameProvider">
		<property name="pointOfServiceService" ref="pointOfServiceService" />
	</bean>

	<bean id="genderValueProvider"
		class="de.hybris.training.core.search.solrfacetsearch.provider.impl.GenderValueProvider"
		parent="abstractPropertyFieldValueProvider">
		<property name="fieldNameProvider" ref="solrFieldNameProvider" />
	</bean>

	<bean id="genderFacetDisplayNameProvider"
		class="de.hybris.training.core.search.solrfacetsearch.provider.impl.GenderFacetDisplayNameProvider">
		<property name="enumerationService" ref="enumerationService" />
		<property name="i18nService" ref="i18nService" />
		<property name="commonI18NService" ref="commonI18NService" />
	</bean>

	<!-- Event listeners are singletons, therefore the dependency for a bean 
		in tenant-scope must be configured with a lookup method. -->
	<bean id="orderCancelledEventListener"
		class="de.hybris.training.core.event.OrderCancelledEventListener"
		parent="abstractAcceleratorSiteEventListener">
		<property name="modelService" ref="modelService" />
		<property name="businessProcessService" ref="businessProcessService" />
	</bean>
	<bean id="orderRefundEventListener" class="de.hybris.training.core.event.OrderRefundEventListener"
		parent="abstractAcceleratorSiteEventListener">
		<property name="modelService" ref="modelService" />
		<property name="businessProcessService" ref="businessProcessService" />
	</bean>
	<bean id="customerRegistrationEventListener" class="de.hybris.training.core.event.RegistrationEventListener"
		parent="abstractAcceleratorSiteEventListener">
		<property name="modelService" ref="modelService" />
		<property name="businessProcessService" ref="businessProcessService" />
	</bean>
	<bean id="forgottenPasswordEventListener"
		class="de.hybris.training.core.event.ForgottenPasswordEventListener"
		parent="abstractAcceleratorSiteEventListener">
		<property name="modelService" ref="modelService" />
		<property name="businessProcessService" ref="businessProcessService" />
	</bean>
	<bean id="submitOrderEventListener" class="de.hybris.training.core.event.SubmitOrderEventListener"
		parent="abstractAcceleratorSiteEventListener">
		<property name="businessProcessService" ref="businessProcessService" />
		<property name="modelService" ref="modelService" />
		<property name="baseStoreService" ref="baseStoreService" />
	</bean>
	<bean id="orderConfirmationEventListener"
		class="de.hybris.training.core.event.OrderConfirmationEventListener"
		parent="abstractAcceleratorSiteEventListener">
		<property name="modelService" ref="modelService" />
		<property name="businessProcessService" ref="businessProcessService" />
	</bean>
	<bean id="sendDeliveryMessageEventListener"
		class="de.hybris.training.core.event.SendDeliveryMessageEventListener"
		parent="abstractAcceleratorSiteEventListener">
		<property name="modelService" ref="modelService" />
		<property name="businessProcessService" ref="businessProcessService" />
	</bean>
	<bean id="sendReadyForPickupMessageEventListener"
		class="de.hybris.training.core.event.SendReadyForPickupMessageEventListener"
		parent="abstractAcceleratorSiteEventListener">
		<property name="modelService" ref="modelService" />
		<property name="businessProcessService" ref="businessProcessService" />
	</bean>
	<bean id="sendOrderPartiallyCanceledMessageEventListener"
		class="de.hybris.training.core.event.SendOrderPartiallyCanceledMessageEventListener"
		parent="abstractAcceleratorSiteEventListener">
		<property name="modelService" ref="modelService" />
		<property name="businessProcessService" ref="businessProcessService" />
	</bean>
	<bean id="sendOrderPartiallyRefundedMessageEventListener"
		class="de.hybris.training.core.event.SendOrderPartiallyRefundedMessageEventListener"
		parent="abstractAcceleratorSiteEventListener">
		<property name="modelService" ref="modelService" />
		<property name="businessProcessService" ref="businessProcessService" />
	</bean>
	<bean id="sendNotPickedUpConsignmentCanceledMessageEventListener"
		class="de.hybris.training.core.event.SendNotPickedUpConsignmentCanceledMessageEventListener"
		parent="abstractAcceleratorSiteEventListener">
		<property name="modelService" ref="modelService" />
		<property name="businessProcessService" ref="businessProcessService" />
	</bean>
	<bean id="orderCompletedEventListener"
		class="de.hybris.training.core.event.OrderCompletedEventListener"
		parent="abstractAcceleratorSiteEventListener">
		<property name="modelService" ref="modelService" />
		<property name="businessProcessService" ref="businessProcessService" />
	</bean>

	<!-- Process resources definition -->

	<bean id="customerRegistrationEmailProcessDefinitionResource"
		class="de.hybris.platform.processengine.definition.ProcessDefinitionResource">
		<property name="resource"
			value="classpath:/trainingcore/processes/customerRegistrationEmailProcess.xml" />
	</bean>
	<bean id="forgottenPasswordEmailProcessDefinitionResource"
		class="de.hybris.platform.processengine.definition.ProcessDefinitionResource">
		<property name="resource"
			value="classpath:/trainingcore/processes/forgottenPasswordEmailProcess.xml" />
	</bean>
	<bean id="orderConfirmationEmailProcessDefinitionResource"
		class="de.hybris.platform.processengine.definition.ProcessDefinitionResource">
		<property name="resource"
			value="classpath:/trainingcore/processes/orderConfirmationEmailProcess.xml" />
	</bean>
	<bean id="sendDeliveryEmailProcessDefinitionResource"
		class="de.hybris.platform.processengine.definition.ProcessDefinitionResource">
		<property name="resource"
			value="classpath:/trainingcore/processes/sendDeliveryEmailProcess.xml" />
	</bean>
	<bean id="sendReadyForPickupEmailProcessDefinitionResource"
		class="de.hybris.platform.processengine.definition.ProcessDefinitionResource">
		<property name="resource"
			value="classpath:/trainingcore/processes/sendReadyForPickupEmailProcess.xml" />
	</bean>
	<bean id="sendOrderCancelledEmailProcessDefinitionResource"
		class="de.hybris.platform.processengine.definition.ProcessDefinitionResource">
		<property name="resource"
			value="classpath:/trainingcore/processes/sendOrderCancelledEmailProcess.xml" />
	</bean>
	<bean id="sendOrderRefundEmailProcessDefinitionResource"
		class="de.hybris.platform.processengine.definition.ProcessDefinitionResource">
		<property name="resource"
			value="classpath:/trainingcore/processes/sendOrderRefundEmailProcess.xml" />
	</bean>
	<bean id="sendOrderPartiallyCanceledEmailProcessDefinitionResource"
		class="de.hybris.platform.processengine.definition.ProcessDefinitionResource">
		<property name="resource"
			value="classpath:/trainingcore/processes/sendOrderPartiallyCanceledEmailProcess.xml" />
	</bean>
	<bean id="sendOrderPartiallyRefundedEmailProcessDefinitionResource"
		class="de.hybris.platform.processengine.definition.ProcessDefinitionResource">
		<property name="resource"
			value="classpath:/trainingcore/processes/sendOrderPartiallyRefundedEmailProcess.xml" />
	</bean>
	<bean
		id="sendNotPickedUpConsignmentCanceledEmailProcessDefinitionResource"
		class="de.hybris.platform.processengine.definition.ProcessDefinitionResource">
		<property name="resource"
			value="classpath:/trainingcore/processes/sendNotPickedUpConsignmentCanceledEmailProcess.xml" />
	</bean>

	<!-- Actions -->
	<bean id="abstractAction" class="de.hybris.platform.processengine.action.AbstractAction"
		abstract="true">
		<property name="modelService" ref="modelService" />
		<property name="processParameterHelper" ref="processParameterHelper" />
	</bean>

	<bean id="sendEmail"
		class="de.hybris.platform.acceleratorservices.process.email.actions.SendEmailAction"
		parent="abstractAction">
		<property name="emailService" ref="emailService" />
	</bean>

	<bean id="abstractGenerateEmailAction"
		class="de.hybris.platform.acceleratorservices.process.email.actions.GenerateEmailAction"
		parent="abstractAction" abstract="true">
		<property name="modelService" ref="modelService" />
		<property name="cmsEmailPageService" ref="cmsEmailPageService" />
		<property name="contextResolutionStrategy" ref="processContextResolutionStrategy" />
		<property name="emailGenerationService" ref="emailGenerationService" />
	</bean>

	<bean id="generateCustomerRegistrationEmail" parent="abstractGenerateEmailAction">
		<property name="frontendTemplateName" value="CustomerRegistrationEmailTemplate" />
	</bean>

	<bean id="generateForgottenPasswordEmail" parent="abstractGenerateEmailAction">
		<property name="frontendTemplateName" value="ForgottenPasswordEmailTemplate" />
	</bean>

	<bean id="generateOrderConfirmationEmail" parent="abstractGenerateEmailAction">
		<property name="frontendTemplateName" value="OrderConfirmationEmailTemplate" />
	</bean>

	<bean id="generateDeliverySentEmail" parent="abstractGenerateEmailAction">
		<property name="frontendTemplateName" value="DeliverySentEmailTemplate" />
	</bean>

	<bean id="generateReadyForPickupEmail" parent="abstractGenerateEmailAction">
		<property name="frontendTemplateName" value="ReadyForPickupEmailTemplate" />
	</bean>

	<bean id="generateOrderCancelledEmail" parent="abstractGenerateEmailAction">
		<property name="frontendTemplateName" value="OrderCancelledEmailTemplate" />
	</bean>

	<bean id="generateOrderRefundEmail" parent="abstractGenerateEmailAction">
		<property name="frontendTemplateName" value="OrderRefundEmailTemplate" />
	</bean>

	<bean id="generateOrderPartiallyCanceledEmail" parent="abstractGenerateEmailAction">
		<property name="frontendTemplateName" value="OrderPartiallyCanceledEmailTemplate" />
	</bean>
	<bean id="generateOrderPartiallyRefundedEmail" parent="abstractGenerateEmailAction">
		<property name="frontendTemplateName" value="OrderPartiallyRefundedEmailTemplate" />
	</bean>
	<bean id="generateNotPickedUpConsignmentCanceledEmail" parent="abstractGenerateEmailAction">
		<property name="frontendTemplateName" value="NotPickedUpConsignmentCanceledEmailTemplate" />
	</bean>

	<bean id="removeSentEmail"
		class="de.hybris.platform.acceleratorservices.process.email.actions.RemoveSentEmailAction"
		parent="abstractAction">
		<property name="modelService" ref="modelService" />
	</bean>

	<!-- Simple Suggestion Service -->
	<alias alias="simpleSuggestionService" name="defaultSimpleSuggestionService" />
	<bean id="defaultSimpleSuggestionService"
		class="de.hybris.training.core.suggestion.impl.DefaultSimpleSuggestionService">
		<property name="simpleSuggestionDao" ref="simpleSuggestionDao" />
	</bean>
	<alias alias="simpleSuggestionDao" name="defaultSimpleSuggestionDao" />
	<bean id="defaultSimpleSuggestionDao"
		class="de.hybris.training.core.suggestion.dao.impl.DefaultSimpleSuggestionDao"
		parent="abstractItemDao">
		<property name="flexibleSearchService" ref="flexibleSearchService" />
	</bean>

	<bean id="mccSiteUrlHelper" class="de.hybris.training.core.util.MccSiteUrlHelper">
		<property name="siteChannelValidationStrategy" ref="siteChannelValidationStrategy" />
		<property name="siteBaseUrlResolutionService" ref="siteBaseUrlResolutionService" />
		<property name="cmsSiteService" ref="cmsSiteService" />
	</bean>


	<!-- checkout flow configuration -->

	<bean id="pickUpInStoreCheckoutFlowStrategy"
		class="de.hybris.training.core.checkout.flow.impl.PickUpInStoreCheckoutFlowStrategy">
		<property name="pickupStrategy" ref="pickupStrategy" />
		<property name="defaultStrategy" ref="siteCheckoutFlowStrategy" />
		<property name="multiStepCheckoutFlowStrategy" ref="multiStepCheckoutFlowStrategy" />
	</bean>

	<bean id="siteCheckoutFlowStrategy"
		class="de.hybris.training.core.checkout.flow.impl.SiteCheckoutFlowStrategy">
		<!-- This strategy looks up a strategy based on the current site UID -->
		<property name="cmsSiteService" ref="cmsSiteService" />
		<property name="siteMappings">
			<map>
				<entry key="electronics" value-ref="newCustomerCheckoutFlowStrategy" />
				<entry key="apparel-de" value-ref="multiStepCheckoutFlowStrategy" />
				<entry key="apparel-uk" value-ref="multiStepCheckoutFlowStrategy" />
				<entry key="powertoolsstore" value-ref="multiStepCheckoutFlowStrategy" />
			</map>
		</property>
		<!-- Default to SINGLE step checkout -->
		<property name="defaultStrategy" ref="multiStepCheckoutFlowStrategy" />
	</bean>

	<bean id="newCustomerCheckoutFlowStrategy"
		class="de.hybris.training.core.checkout.flow.impl.NewCustomerCheckoutFlowStrategy">
		<!-- This strategy works out if the user has created any data -->
		<property name="userService" ref="userService" />
		<property name="customerAccountService" ref="customerAccountService" />
		<property name="defaultStrategy" ref="multiStepCheckoutFlowStrategy" />
		<property name="newCustomerStrategy" ref="multiStepCheckoutFlowStrategy" />
	</bean>

	<!-- Product Reference Lookup Strategies -->
	<alias name="apparelCrossSellingProductReferenceTargetStrategy"
		alias="crossSellingProductReferenceTargetStrategy" />
	<bean id="apparelCrossSellingProductReferenceTargetStrategy"
		parent="defaultCrossSellingProductReferenceTargetStrategy">
		<property name="productReferenceTargetStrategies">
			<list merge="true">
				<ref bean="apparelSizeProductReferenceTargetStrategy" />
			</list>
		</property>
	</bean>

	<bean id="apparelSizeProductReferenceTargetStrategy"
		class="de.hybris.training.core.strategies.impl.ApparelSizeProductReferenceTargetStrategy">
		<property name="commerceCategoryService" ref="commerceCategoryService" />
		<property name="rootCategoryCode" value="categories" />
	</bean>

	<!-- EventListener for Myproduct -->
	<bean id="instanceCheckingListener"
		class="de.hybris.training.core.event.InstanceCheckingEventListener"
		autowire="byName">
	</bean>
	<!-- MyproductInterceptor for Myproduct -->
	<bean id="myProductValidateInterceptor"
		class="de.hybris.training.core.interceptor.MyproductInterceptor"
		autowire="byName" />
	<bean id="MyValidateInterceptorMapping"
		class="de.hybris.platform.servicelayer.interceptor.impl.InterceptorMapping">
		<property name="interceptor" ref="myProductValidateInterceptor" />
		<property name="typeCode" value="Myproduct" />
		<!-- MyproductDAO for Myproduct -->
	</bean>
	<context:component-scan base-package="de.hybris.training.core" />
	<bean id="myproductDao" class="de.hybris.training.core.dao.MyproductDaoImpl">
	</bean>
	<!-- MyproductService for Myproduct -->
	<bean id="myProductService"
		class="de.hybris.training.core.MyproductService.MyproductServiceImpl"
		autowire="byName">
		<property name="MyproductDao" ref="myproductDao" />

	</bean>

	<!-- myproductConverter for Myproduct -->

	<bean id="myproductConverter"
		class="de.hybris.training.core.MyproductFacade.MyproductConverter"></bean>
	<!-- myproductFACADE for Myproduct -->
	<bean id="myproductFacade"
		class="de.hybris.training.core.MyproductFacade.MyproductFacadeImpl">
		<property name="MyProductService" ref="myProductService" />

		<!-- <property name="myproductConverter" ref="myproductConverter"></property> -->
		<property name="myproConverter" ref="myproConverter"></property>
		<property name="myproductReverseConverter" ref="myproductReverseConverter"></property>
	</bean>
	<!-- <bean id="MyproductPageController" class="de.hybris.training.storefront.controllers.pages.ProductPageController"> 
		<property name="myproductFacade" ref="myproductFacade"></property> </bean> -->

	<!-- myproductPapulator for Myproduct -->
	<bean id="myproductPapulator"
		class="de.hybris.training.core.MyproductFacade.MyproductPapulator">
		<!-- <property name="MyProductService" ref="myProductService"></property> -->
	</bean>

	<!-- myproConverter USING ppopulator for Myproduct -->
	<bean id="myproConverter" class="de.hybris.training.core.MyproductFacade.MyproConverter">
		<property name="myproductPapulator" ref="myproductPapulator"></property>
	</bean>

	<bean id="auditingUserRemoveInterceptor"
		class="de.hybris.training.core.interceptor.AuditingUserRemoveInterceptor"
		autowire="byName" />
	<bean id="My1ValidateInterceptorMapping"
		class="de.hybris.platform.servicelayer.interceptor.impl.InterceptorMapping">
		<property name="interceptor" ref="auditingUserRemoveInterceptor" />
		<property name="typeCode" value="UserAuditEntry" />
	</bean>

	<bean id="auditEntryValidateInterceptor"
		class="de.hybris.training.core.interceptor.AuditEntryValidateInterceptor"
		autowire="byName" />
	<bean id="My2ValidateInterceptorMapping"
		class="de.hybris.platform.servicelayer.interceptor.impl.InterceptorMapping">
		<property name="interceptor" ref="auditEntryValidateInterceptor" />
		<property name="typeCode" value="UserAuditEntry" />
	</bean>
	<bean id="myproductReversePopulator"
		class="de.hybris.training.core.MyproductFacade.MyproductReversePopulator">
	</bean>
	<bean id="myproductReverseConverter"
		class="de.hybris.training.core.MyproductFacade.MyproductReverseConverter">
		<property name="myproductReversePopulator" ref="myproductReversePopulator"></property>
	</bean>
</beans>
