<?xml version="1.0" encoding="ISO-8859-1"?>
<!-- [y] hybris Platform Copyright (c) 2000-2016 hybris AG All rights reserved. 
	This software is the confidential and proprietary information of hybris ("Confidential 
	Information"). You shall not disclose such Confidential Information and shall 
	use it only in accordance with the terms of the license agreement you entered 
	into with hybris. -->

<items xmlns:xsi="http://www.w3.org/2001/XMLSchema-instance"
	xsi:noNamespaceSchemaLocation="items.xsd">

	<collectiontypes>
		<collectiontype code="GenderList" elementtype="Gender"
			autocreate="true" generate="true" type="list" />
		<collectiontype code="SwatchColorSet" elementtype="SwatchColorEnum"
			autocreate="true" generate="true" type="set" />
		<collectiontype code="CustomOfferLinksList" elementtype="CMSLinkComponent" autocreate="true" generate="true" type="list" />
			
	</collectiontypes>


	<enumtypes>
		<enumtype generate="true" code="SwatchColorEnum" autocreate="true"
			dynamic="true">
			<value code="BLACK" />
			<value code="BLUE" />
			<value code="BROWN" />
			<value code="GREEN" />
			<value code="GREY" />
			<value code="ORANGE" />
			<value code="PINK" />
			<value code="PURPLE" />
			<value code="RED" />
			<value code="SILVER" />
			<value code="WHITE" />
			<value code="YELLOW" />
		</enumtype>
	</enumtypes>

	<itemtypes>

		<!-- Add your item definitions here -->


		<!-- TypeGroups are for structure of this file only -->

		<typegroup name="Apparel">
			<itemtype code="ApparelProduct" extends="Product"
				autocreate="true" generate="true"
				jaloclass="de.hybris.training.core.jalo.ApparelProduct">
				<description>Base apparel product extension that contains additional attributes.</description>
				<attributes>
					<attribute qualifier="genders" type="GenderList">
						<description>List of genders that the ApparelProduct is designed for</description>
						<modifiers />
						<persistence type="property" />
					</attribute>
				</attributes>
			</itemtype>

			<itemtype code="Myproduct" autocreate="true" generate="true"
				extends="Product" jaloclass="de.hybris.training.core.jalo.Myproduct">
				<deployment table="Myproducts" typecode="20000" />
				<attributes>
					<attribute type="localized:java.lang.String" qualifier="include">
						<persistence type="property" />
					</attribute>
					<attribute type="localized:java.lang.String" qualifier="exclude">
						<persistence type="property"></persistence>
					</attribute>
					<attribute type="localized:java.lang.String" qualifier="employee">
						<persistence type="property" />
					</attribute>
					<attribute type="localized:java.lang.String" qualifier="empDescription">
						<persistence type="property" />
					</attribute>
					<attribute type="localized:java.lang.Integer" qualifier="age">
						<persistence type="property" />
					</attribute>
				</attributes>
			</itemtype>
			<itemtype code="UserAuditEntry" generate="true" autocreate="true">
				<deployment table="UserAuditEntries" typecode="8998" />
				<attributes>
					<attribute type="java.lang.String" qualifier="uid">
						<persistence type="property"></persistence>
					</attribute>
					<attribute type="java.lang.String" qualifier="name">
						<persistence type="property"></persistence>
					</attribute>
					<attribute type="java.lang.String" qualifier="displayName">
						<persistence type="property"></persistence>
					</attribute>
					<attribute type="java.util.Date" qualifier="changeTimestamp">
						<persistence type="property"></persistence>
					</attribute>
				</attributes>
			</itemtype>
			<itemtype code="DummyPage" autocreate="true" generate="true"
				extends="Product" jaloclass="de.hybris.training.core.jalo.DummyPage">
				<description>sample model</description>
				<deployment table="DummyPages" typecode="20004" />
				<attributes>
					<attribute type="localized:java.lang.String" qualifier="data">
						<persistence type="property"></persistence>
					</attribute>
					<attribute type="Media" qualifier="image">
						<persistence type="property"></persistence>
					</attribute>
				</attributes>
			</itemtype>
			<itemtype code="Check" autocreate="true" generate="false">
				<description>Check model</description>
				<deployment table="Checks" typecode="20006" />
				<attributes>
					<attribute type="localized:java.lang.String" qualifier="data">
						<persistence type="property"></persistence>

					</attribute>
					<attribute type="localized:java.lang.String" qualifier="name">
						<persistence type="property"></persistence>

					</attribute>
				</attributes>
			</itemtype>

			<itemtype code="ApparelStyleVariantProduct" extends="VariantProduct"
				autocreate="true" generate="true"
				jaloclass="de.hybris.training.core.jalo.ApparelStyleVariantProduct">
				<description>Apparel style variant type that contains additional attribute describing variant style.
				</description>
				<attributes>
					<attribute qualifier="style" type="localized:java.lang.String"
						metatype="VariantAttributeDescriptor">
						<description>Color/Pattern of the product.</description>
						<modifiers />
						<persistence type="property" />
					</attribute>

					<attribute qualifier="swatchColors" type="SwatchColorSet">
						<description>A normalized color mapping to a standardized front-end navigable name.
						</description>
						<modifiers />
						<persistence type="property" />
					</attribute>
				</attributes>

			</itemtype>

			<itemtype code="ApparelSizeVariantProduct" extends="ApparelStyleVariantProduct"
				autocreate="true" generate="true"
				jaloclass="de.hybris.training.core.jalo.ApparelSizeVariantProduct">
				<description>Apparel size variant type that contains additional attribute describing variant size.
				</description>
				<attributes>
					<attribute qualifier="size" type="localized:java.lang.String"
						metatype="VariantAttributeDescriptor">
						<description>Size of the product.</description>
						<modifiers />
						<persistence type="property" />
					</attribute>
				</attributes>
			</itemtype>
			<itemtype code="OffersComponent" extends="SimpleCMSComponent" generate="true"
				autocreate="true" >
				<description>Customers Offers Components</description>
				<deployment table="Offers" typecode="20010" />
				<attributes>
					<attribute type="localized:java.lang.String" qualifier="headerText">
						<modifiers read="true" write="true" optional="false"></modifiers>
						<persistence type="property"></persistence>
					</attribute>
					<attribute type="localized:java.lang.String" qualifier="footerText">
						<modifiers read="true" write="true" optional="false" />
						<persistence type="property"></persistence>
					</attribute>
					<attribute type="Media" qualifier="offerImage">
						<modifiers read="true" write="true"	optional="false"/>
						<persistence type="property"></persistence>
					</attribute>
					<attribute type="CustomOfferLinksList" qualifier="offerImageLink">
						<modifiers read="true" write="true"/>
						<persistence type="property"></persistence>
					</attribute>
				</attributes>
			</itemtype>
		</typegroup>

		<typegroup name="Electronics">
			<itemtype code="ElectronicsColorVariantProduct" extends="VariantProduct"
				autocreate="true" generate="true"
				jaloclass="de.hybris.training.core.jalo.ElectronicsColorVariantProduct">
				<description>Electronics color variant type that contains additional attribute describing variant color.
				</description>
				<attributes>
					<attribute qualifier="color" type="localized:java.lang.String"
						metatype="VariantAttributeDescriptor">
						<description>Color of the product.</description>
						<modifiers />
						<persistence type="property" />
					</attribute>
				</attributes>
			</itemtype>
		</typegroup>


	</itemtypes>
</items>
