<?xml version="1.0" encoding="UTF-8" standalone="yes"?>
<config xmlns:xsi="http://www.w3.org/2001/XMLSchema-instance"
        xmlns="http://www.hybris.com/cockpit/config"
        xsi:schemaLocation="http://www.hybris.com/cockpit/config 
        http://www.hybris.com/schema/cockpitng/config/cockpit-configuration.xsd">

    <context component="editorareaactions" type="Consignment">
        <bo:actions xmlns:bo="http://www.hybris.com/cockpit/config/hybris">
            <bo:group qualifier="common">
                <bo:label>actiongroup.common</bo:label>
                <bo:action action-id="com.hybris.cockpitng.actions.scriptingaction" property="currentObject">
                    <bo:parameter>
                        <bo:name>scriptUri</bo:name>
                        <bo:value>model://confirmPickup</bo:value>
                    </bo:parameter>
                    <bo:parameter>
                        <bo:name>label</bo:name>
                        <bo:value>Confirm pickup</bo:value>
                    </bo:parameter>
					<bo:parameter>
						<bo:name>iconUri</bo:name>
						<bo:value>/backoffice/widgetClasspathResource/widgets/actions/pickupconfirmation/icons/icon_confirm_pickup_enabled.png</bo:value>
					</bo:parameter>
					<bo:parameter>
						<bo:name>disabledIconUri</bo:name>
						<bo:value>/backoffice/widgetClasspathResource/widgets/actions/pickupconfirmation/icons/icon_confirm_pickup_disabled.png</bo:value>
					</bo:parameter>
                </bo:action>
            </bo:group>
        </bo:actions>
    </context>
 
</config>